Song_Id,danceability_%,valence_%,energy_%,acousticness_%,instrumentalness_%,liveness_%,speechiness_%
2000,71.0,41.0,31.0,79.0,0.0,10.0,5.0
2002,36.0,28.0,28.0,81.0,0.0,18.0,3.0
2010,57.0,55.0,64.24366041896361,22.0,0.0,8.0,4.0
2011,51.0,22.0,64.24366041896361,1.0,0.0,15.0,3.0
2012,82.0,88.0,76.0,26.994487320837926,0.0,12.0,9.0
2018,53.0,40.0,36.0,73.0,0.0,11.0,33.0
2020,60.0,58.0,69.0,2.0,0.0,58.0,4.0
2024,66.94701986754967,77.0,45.0,25.0,0.0,13.0,27.0
2027,92.0,62.0,86.0,11.0,0.0,24.0,24.0
2029,46.0,55.0,50.0,71.0,0.0,10.0,11.0
2030,76.0,44.0,77.0,1.0,0.0,13.0,3.0
2034,84.0,54.0,51.0,47.0,0.0,12.0,40.0
2040,85.0,80.0,83.0,10.0,0.0,8.0,11.0
2044,66.94701986754967,70.0,68.0,3.0,1.0,11.0,4.0
2047,39.0,24.0,43.0,39.0,0.0,23.0,3.0
2056,60.0,10.0,64.24366041896361,1.0,0.0,50.0,3.0
2057,79.0,67.0,81.5,16.0,0.0,14.0,21.5
2064,82.0,51.439293598233995,67.0,12.0,0.0,13.0,5.0
2066,69.0,61.0,71.0,33.0,0.0,31.0,20.0
2067,66.94701986754967,84.0,71.0,35.0,0.0,15.0,4.0
2068,58.0,71.0,64.24366041896361,15.0,0.0,7.0,41.0
2070,78.0,40.0,74.0,36.0,0.0,17.0,27.0
2071,66.94701986754967,69.0,51.0,63.0,1.6225165562913908,38.0,4.0
2073,88.5,61.5,61.5,46.5,25.5,17.5,16.0
2074,55.5,65.0,64.5,11.5,0.0,13.5,8.0
2076,64.0,4.0,60.0,11.0,0.0,19.0,10.101545253863135
2082,84.0,88.0,53.0,35.0,1.6225165562913908,8.0,7.0
2086,42.0,47.0,36.0,76.0,0.0,9.0,5.0
2089,73.0,38.5,73.0,24.0,0.0,10.5,6.0
2090,90.0,75.0,50.0,11.0,0.0,9.0,26.0
2095,82.5,69.0,78.5,43.0,0.0,10.0,14.550772626931568
2096,36.0,30.0,64.24366041896361,34.0,0.0,14.0,5.0
2098,71.0,17.0,61.0,36.0,0.0,8.0,5.0
2102,54.0,50.0,40.0,61.0,0.0,10.0,6.0
2103,51.0,42.0,61.0,53.0,0.0,9.0,3.0
2105,45.0,17.0,60.0,21.0,0.0,33.0,4.0
2107,56.0,20.0,54.0,67.0,0.0,6.0,5.0
2118,72.0,18.0,46.0,7.0,0.0,28.0,8.0
2121,89.0,61.0,66.0,17.0,0.0,36.0,16.0
2125,56.0,24.0,66.0,7.0,0.0,12.0,3.0
2127,66.0,58.0,79.0,23.0,0.0,22.0,20.0
2129,70.0,35.0,41.0,41.0,0.0,10.0,3.0
2131,66.0,24.0,58.0,17.0,0.0,19.0,5.0
2133,71.0,67.0,60.0,7.0,0.0,6.0,4.0
2144,82.0,61.5,73.0,7.0,0.0,22.559050772626932,7.0
2145,66.94701986754967,61.0,58.0,6.0,0.0,16.0,3.0
2146,72.0,40.0,47.0,71.0,0.0,13.0,4.0
2149,77.0,35.0,88.0,16.0,0.0,17.0,9.0
2150,64.0,18.0,37.0,72.0,0.0,12.0,7.0
2151,56.0,68.0,89.0,4.0,0.0,33.0,19.0
2155,81.5,43.5,69.5,17.5,0.5,9.0,35.5
2156,60.0,86.0,32.0,88.0,0.0,34.0,6.0
2159,71.0,24.0,47.0,1.0,0.0,27.0,9.0
2164,85.0,53.0,68.0,40.0,1.6225165562913908,9.0,4.0
2167,53.0,51.0,70.0,49.0,0.0,14.0,3.0
2168,87.0,93.0,59.0,28.0,0.0,17.0,5.0
2175,59.0,69.0,61.0,84.0,0.0,46.0,36.0
2176,53.0,55.0,73.0,9.0,0.0,3.0,5.0
2178,76.0,46.0,79.0,31.0,0.0,7.0,6.0
2183,77.0,74.0,78.0,4.0,0.0,23.0,11.0
2186,80.0,15.0,54.0,9.0,0.0,38.0,5.0
2187,67.5,36.5,56.0,28.5,0.0,32.5,4.5
2188,81.0,82.0,78.0,38.0,0.0,12.0,4.0
2197,46.0,53.0,78.0,23.0,0.0,72.0,6.0
2212,59.0,78.0,94.0,27.0,0.0,29.0,23.0
2215,67.0,29.0,47.0,26.994487320837926,0.0,22.0,26.0
2216,44.0,22.0,48.0,38.0,0.0,33.0,24.0
2218,70.0,86.0,81.0,25.0,0.0,25.0,5.0
2219,77.0,94.0,66.0,65.0,0.0,38.0,3.0
2222,65.0,49.0,80.0,22.0,4.0,7.0,5.0
2226,91.0,59.0,82.0,26.994487320837926,1.6225165562913908,6.0,8.0
2228,73.0,72.0,32.0,77.0,0.0,15.0,5.0
2231,51.0,50.0,76.0,30.0,0.0,10.0,7.0
2232,77.0,71.0,75.0,33.0,1.0,13.0,4.0
2234,52.0,7.0,61.0,51.0,0.0,11.0,3.0
2239,34.0,35.0,76.0,39.0,0.0,8.0,5.0
2242,61.0,24.0,62.0,26.994487320837926,0.0,24.0,31.0
2244,59.0,20.0,74.0,1.0,0.0,15.0,5.0
2249,80.0,92.0,64.24366041896361,4.0,0.0,10.0,3.0
2250,52.0,73.0,91.0,0.0,0.0,11.0,7.0
2251,65.0,87.0,64.24366041896361,22.0,0.0,42.0,10.101545253863135
2252,61.0,20.0,38.0,61.0,0.0,10.0,10.101545253863135
2255,70.0,71.66666666666667,73.66666666666667,5.0,1.0,11.0,7.333333333333333
2256,68.0,51.439293598233995,76.0,4.0,0.0,10.0,4.0
2258,73.5,62.5,58.5,32.5,0.0,16.0,12.550772626931568
2261,77.0,60.0,32.0,84.0,0.0,8.0,5.0
2263,79.0,66.0,64.24366041896361,8.0,0.0,11.0,5.0
2269,45.0,33.0,59.0,26.994487320837926,0.0,8.0,3.0
2273,46.0,23.0,48.0,75.0,30.0,14.0,4.0
2280,65.9823399558499,53.666666666666664,62.0,42.32965821389195,0.5408388520971302,19.333333333333332,11.0
2300,35.0,41.0,94.0,0.0,63.0,5.0,5.0
2301,66.94701986754967,91.0,79.0,3.0,0.0,7.0,10.0
2305,53.0,28.0,48.0,64.0,0.0,12.5,8.5
2306,69.0,53.5,67.5,14.0,0.0,32.0,6.0
2309,68.0,81.0,64.24366041896361,53.0,0.0,9.0,13.0
2312,49.0,42.0,77.0,26.994487320837926,0.0,12.0,9.0
2314,40.0,19.0,29.0,86.0,0.0,34.0,10.101545253863135
2319,74.0,75.0,73.0,42.0,1.6225165562913908,9.0,4.0
2321,73.0,65.0,79.0,5.0,2.0,11.0,6.0
2323,66.0,68.0,67.0,38.0,0.0,22.0,4.0
2327,60.0,68.0,84.0,4.0,0.0,24.0,11.0
2328,57.5,66.5,65.6218302094818,62.0,0.8112582781456954,10.5,21.5
2331,81.0,63.0,68.0,11.0,0.0,11.0,4.0
2332,46.0,53.0,63.0,5.0,0.0,30.0,18.0
2338,67.0,37.0,46.0,26.994487320837926,0.0,10.0,39.0
2350,46.0,62.0,83.0,53.0,0.0,18.118101545253865,28.0
2351,74.0,68.0,68.0,3.0,0.0,26.0,4.0
2355,57.0,51.439293598233995,27.0,84.0,0.0,9.0,3.0
2356,62.0,25.0,44.0,51.0,33.0,18.118101545253865,3.0
2357,73.0,59.0,81.0,13.0,0.0,9.0,6.0
2358,90.0,40.0,59.0,0.0,0.0,10.0,29.0
2359,79.0,22.0,55.0,31.0,0.0,12.0,5.0
2360,81.0,64.0,79.0,5.0,0.0,31.0,3.0
2363,86.0,91.0,79.0,29.0,0.0,60.0,16.0
2367,66.94701986754967,21.0,52.0,28.0,0.0,9.0,3.0
2370,73.0,68.0,83.0,55.0,0.0,90.0,10.101545253863135
2374,68.0,81.5,74.5,43.5,0.0,54.55905077262693,3.5
2376,75.0,48.0,53.0,18.0,0.0,18.0,34.0
2379,70.0,58.0,57.0,25.0,0.0,15.0,7.0
2380,66.0,48.0,71.0,6.0,0.0,12.0,4.0
2387,67.0,81.0,36.0,64.0,0.0,15.0,3.0
2403,80.0,71.0,68.0,6.0,0.0,10.0,37.0
2405,57.0,23.0,66.0,4.0,1.6225165562913908,15.0,4.0
2413,64.0,10.0,62.0,7.0,0.0,48.0,7.0
2417,82.0,54.0,59.0,69.0,0.0,18.0,10.0
2421,77.0,78.0,91.0,14.0,0.0,33.0,12.0
2423,73.0,45.0,62.0,28.0,0.0,13.0,13.0
2427,66.94701986754967,13.0,54.0,70.0,0.0,9.0,4.0
2428,52.0,24.0,60.0,0.0,0.0,8.0,3.0
2433,77.0,26.0,63.0,58.0,0.0,11.0,5.0
2434,81.0,45.5,54.5,3.5,0.0,24.5,33.0
2435,70.0,34.0,55.0,43.0,0.0,16.0,6.0
2437,70.0,22.0,61.0,2.0,0.0,10.0,34.0
2441,58.0,29.0,94.0,0.0,0.0,9.0,11.0
2444,80.0,51.439293598233995,62.0,41.0,2.0,18.118101545253865,23.0
2446,57.0,51.439293598233995,59.0,8.0,0.0,6.0,10.101545253863135
2448,74.0,35.0,73.0,0.0,0.0,21.0,5.0
2456,54.5,54.5,42.5,45.0,0.0,19.5,4.5
2457,71.33333333333333,65.0,70.66666666666667,12.333333333333334,0.5408388520971302,14.333333333333334,5.666666666666667
2461,74.0,51.0,74.0,2.0,0.0,29.0,4.0
2463,53.0,12.0,34.0,1.0,0.0,12.0,4.0
2469,91.0,42.0,60.0,0.0,0.0,18.118101545253865,12.0
2473,50.0,39.0,64.24366041896361,4.0,0.0,11.0,33.0
2475,61.0,92.0,91.0,0.0,0.0,26.0,3.0
2483,75.0,11.0,50.0,20.0,0.0,30.0,10.101545253863135
2484,62.0,19.0,53.0,11.0,0.0,6.0,4.0
2485,73.0,65.0,91.0,4.0,0.0,48.0,18.0
2487,72.0,78.0,68.0,26.994487320837926,0.0,11.0,12.0
2489,79.0,60.0,68.0,7.0,0.0,26.0,4.0
2491,85.0,83.0,68.0,7.0,1.6225165562913908,36.0,20.0
2497,96.0,71.0,42.0,57.0,0.0,8.0,9.0
2505,79.0,96.0,86.0,9.0,0.0,9.0,9.0
2509,59.0,70.0,74.0,56.0,1.6225165562913908,11.0,40.0
2511,56.0,43.0,53.0,24.0,0.0,12.0,4.0
2513,77.0,74.0,74.0,47.0,0.0,34.0,8.0
2516,66.5,59.0,63.5,27.5,0.0,9.5,4.5
2527,66.94701986754967,78.0,57.0,46.0,0.0,14.0,9.0
2528,49.0,49.0,59.0,44.0,0.0,35.0,21.0
2529,61.0,53.0,38.0,84.0,0.0,18.118101545253865,44.0
2531,60.0,52.0,64.24366041896361,17.0,0.0,19.0,5.0
2535,56.0,51.439293598233995,90.0,36.0,0.0,18.0,31.0
2540,65.0,47.5,46.5,48.5,0.0,24.559050772626932,8.0
2541,66.94701986754967,54.0,71.0,0.0,0.0,33.0,4.0
2543,66.0,47.0,40.0,72.0,0.0,11.0,3.0
2544,77.0,51.439293598233995,87.0,2.0,0.0,23.0,12.0
2545,49.0,42.0,62.0,9.0,0.0,11.0,3.0
2546,68.0,24.0,58.0,44.0,0.0,6.0,10.101545253863135
2555,57.0,40.666666666666664,53.333333333333336,57.99816244027931,5.666666666666667,10.0,6.7005150846210455
2556,66.94701986754967,23.0,48.0,14.0,0.0,18.118101545253865,5.0
2557,43.0,50.0,55.0,50.0,0.0,15.0,10.0
2561,61.0,59.0,46.0,56.0,0.0,18.118101545253865,5.0
2564,88.0,8.0,49.0,9.0,0.0,9.0,14.0
2566,53.0,32.0,66.0,38.0,0.0,9.0,3.0
2567,65.0,80.0,86.0,9.0,0.0,19.0,10.0
2573,67.0,8.0,54.0,27.0,0.0,8.0,4.0
2575,83.0,41.0,65.0,0.0,10.0,11.0,8.0
2577,47.0,44.0,76.0,8.0,91.0,9.0,3.0
2582,66.5,53.5,43.5,49.0,0.0,21.5,5.0
2588,80.0,69.0,78.0,28.0,0.0,11.0,14.0
2589,64.0,44.0,65.0,28.0,0.0,18.118101545253865,12.0
2592,62.0,24.0,67.0,21.0,0.0,13.0,28.0
2595,64.0,39.5,40.0,50.5,0.0,10.5,6.5
2596,57.0,86.0,90.0,2.0,0.0,9.0,5.0
2598,71.0,55.0,44.0,74.0,0.0,11.0,6.0
2613,66.94701986754967,57.0,63.0,40.0,1.0,10.0,4.0
2614,59.0,72.0,62.0,18.0,1.6225165562913908,9.0,10.101545253863135
2619,89.0,75.0,70.0,6.0,0.0,13.0,5.0
2622,62.0,55.0,78.0,1.0,3.0,23.0,4.0
2625,63.0,56.0,43.0,24.0,0.0,18.118101545253865,23.0
2641,32.0,17.0,74.0,26.994487320837926,0.0,17.0,3.0
2643,54.0,45.0,79.0,1.0,0.0,17.0,5.0
2645,73.0,14.0,57.0,40.0,0.0,11.0,5.0
2646,53.0,66.0,78.0,0.0,0.0,16.0,5.0
2649,66.0,76.0,82.0,47.0,0.0,10.0,32.0
2650,71.0,58.0,70.0,30.0,0.0,32.0,19.0
2659,79.0,68.0,79.0,1.0,0.0,10.0,8.0
2663,78.0,47.0,70.0,18.0,0.0,15.0,9.0
2667,73.0,37.0,74.0,28.0,0.0,14.0,6.0
2675,62.0,57.0,59.0,3.0,0.0,38.0,3.0
2678,70.0,87.0,88.0,4.0,0.0,26.0,8.0
2682,35.0,23.0,61.0,23.0,0.0,19.0,6.0
2684,34.0,22.0,31.0,43.0,63.0,18.118101545253865,7.0
2685,91.0,73.0,72.0,13.0,0.0,9.0,15.0
2688,72.5,51.0,69.6218302094818,5.5,0.0,36.0,18.5
2690,50.0,45.0,41.0,75.0,0.0,11.0,3.0
2691,71.0,42.0,54.5,48.0,2.0,15.0,3.5
2694,54.0,38.0,84.5,6.5,0.0,11.559050772626932,5.5
2695,56.0,72.0,85.0,0.0,0.0,15.0,3.0
2696,69.5,43.0,85.0,0.5,0.0,10.0,9.0
2699,31.0,30.0,88.0,7.0,0.0,8.0,8.0
2703,78.0,20.0,70.0,1.0,0.0,16.0,4.0
2707,66.94701986754967,49.0,59.0,16.0,0.0,13.0,10.101545253863135
2708,67.0,26.0,71.0,37.0,0.0,11.0,4.0
2709,89.0,67.0,78.0,9.0,0.0,7.0,33.0
2711,65.0,52.0,69.0,31.0,0.0,8.0,36.0
2717,56.0,56.0,63.0,13.0,0.0,19.0,27.0
2718,80.0,74.0,77.0,36.0,0.0,11.0,4.0
2719,72.64900662251655,34.333333333333336,46.08122013965453,45.333333333333336,0.0,17.0,9.333333333333334
2725,57.0,84.0,94.0,11.0,0.0,37.0,9.0
2728,75.0,19.0,46.0,21.0,4.0,34.0,8.0
2733,68.0,51.0,60.0,3.0,0.0,19.0,10.0
2734,54.0,54.0,55.0,67.0,0.0,42.0,11.0
2737,75.0,85.0,84.0,10.0,0.0,31.0,19.0
2738,69.0,94.0,64.24366041896361,79.0,0.0,7.0,8.0
2743,85.0,64.0,81.0,2.0,5.0,7.0,9.0
2746,56.0,58.0,55.0,35.0,0.0,23.0,11.0
2747,91.0,23.0,55.0,1.0,0.0,7.0,32.0
2749,59.0,51.0,52.0,9.0,0.0,15.0,7.0
2750,59.0,68.0,67.5,23.5,0.0,18.5,7.5
2755,65.0,46.0,53.0,16.0,0.0,9.0,5.0
2759,85.0,72.0,58.0,26.994487320837926,0.0,49.0,12.0
2762,50.0,20.0,64.0,1.0,0.0,12.0,3.0
2765,62.0,55.0,80.0,26.994487320837926,0.0,37.0,7.0
2766,59.0,56.0,63.0,12.0,0.0,6.0,36.0
2767,80.0,62.0,51.0,2.0,0.0,9.0,8.0
2769,55.0,50.0,78.0,19.0,0.0,11.0,35.0
2776,44.0,22.0,60.0,26.994487320837926,0.0,42.0,9.0
2780,59.0,23.0,46.0,66.0,0.0,15.0,6.0
2782,63.0,29.0,62.0,4.0,0.0,18.0,4.0
2785,80.5,76.0,54.0,30.0,0.0,8.5,32.0
2790,71.0,39.0,86.0,2.0,0.0,51.0,25.0
2796,80.0,62.0,69.0,28.0,0.0,13.0,7.0
2799,54.0,75.0,60.0,30.0,0.0,7.0,5.0
2801,86.0,31.0,53.0,43.0,0.0,11.0,6.0
2803,70.0,70.0,79.0,7.0,0.0,18.0,10.0
2806,62.0,59.0,43.0,84.0,3.0,11.0,5.0
2809,84.0,65.0,50.0,26.994487320837926,0.0,13.0,6.0
2813,82.0,70.0,72.6218302094818,10.5,12.0,21.5,6.0
2816,81.0,48.0,70.0,13.0,0.0,15.0,7.0
2821,74.0,37.0,53.0,7.0,0.0,21.0,10.0
2826,78.0,75.0,46.0,62.0,0.0,12.0,35.0
2831,69.0,48.5,70.6218302094818,2.5,0.0,7.5,17.5
2833,61.0,76.0,51.0,30.0,0.0,18.118101545253865,15.0
2835,56.0,61.0,76.0,10.0,0.0,14.0,11.0
2838,55.0,86.0,44.0,40.0,0.0,7.0,4.0
2839,76.47350993377484,51.5,45.0,48.0,0.0,17.0,9.0
2844,88.0,67.5,50.0,38.99724366041896,0.0,22.0,13.5
2848,76.0,80.0,81.0,19.0,0.0,6.0,9.0
2852,59.0,71.0,42.0,55.0,0.0,10.0,7.0
2866,80.0,33.0,60.0,0.0,0.0,32.0,14.0
2872,66.94701986754967,91.0,63.0,11.0,0.0,9.0,31.0
2873,72.0,90.0,48.0,32.0,0.0,18.0,10.101545253863135
2876,56.0,57.0,87.0,0.0,1.0,10.0,4.0
2877,71.0,43.0,65.0,23.0,0.0,9.0,5.0
2879,71.0,90.0,73.0,30.0,0.0,11.0,5.0
2881,80.0,16.0,28.0,17.0,0.0,12.0,39.0
2891,66.94701986754967,15.0,56.0,1.0,0.0,8.0,6.0
2892,57.0,71.0,82.0,19.0,0.0,15.0,29.0
2893,44.0,74.0,42.0,88.0,0.0,9.0,9.0
2895,65.0,88.0,72.0,36.0,14.0,20.0,3.0
2900,88.0,51.439293598233995,64.24366041896361,7.0,0.0,14.0,5.0
2912,71.0,14.0,61.0,1.0,0.0,23.0,10.101545253863135
2917,91.0,49.0,61.0,3.0,0.0,17.0,22.0
2921,83.0,93.0,65.0,58.0,0.0,9.0,8.0
2923,68.0,60.5,82.5,3.0,0.0,36.0,16.0
2932,64.0,30.0,77.0,46.0,0.0,38.0,6.0
2939,77.0,53.0,78.0,19.0,0.0,29.0,4.0
2941,66.94701986754967,63.0,77.0,12.0,1.0,10.0,5.0
2942,56.0,46.0,59.666666666666664,49.333333333333336,0.0,11.333333333333334,4.666666666666667
2950,56.0,53.0,64.0,11.0,0.0,45.0,6.0
2954,42.0,51.439293598233995,26.0,92.0,0.0,13.0,3.0
2955,82.0,35.0,63.0,7.0,0.0,36.5,7.5
2964,77.5,45.219646799117,47.5,15.5,0.5,12.0,12.5
2976,73.0,74.5,84.5,23.5,0.0,17.0,10.0
2982,70.0,6.0,64.24366041896361,1.0,0.0,36.0,26.0
2984,72.0,79.0,78.0,55.0,0.0,18.118101545253865,30.0
2987,70.0,40.0,51.0,35.0,0.0,10.0,4.0
2997,34.0,39.0,16.0,97.0,0.0,12.0,5.0
2999,86.0,74.0,80.0,33.0,0.0,8.0,6.0
3000,61.0,47.0,68.0,0.0,1.6225165562913908,13.0,3.0
3002,58.0,17.0,62.0,18.0,0.0,20.0,8.0
3009,74.0,36.0,63.0,26.0,0.0,27.0,5.0
3019,81.0,39.0,60.0,31.0,0.0,7.0,3.0
3022,65.0,52.0,80.0,5.0,0.0,6.0,25.0
3026,71.33333333333333,57.666666666666664,64.33333333333333,17.33149577361264,0.0,12.706033848417954,20.033848417954378
3027,69.5,85.5,75.0,6.0,0.0,27.0,9.5
3028,85.5,63.0,85.0,14.997243660418963,0.8112582781456954,19.0,7.0
3034,63.0,88.0,93.0,3.0,0.0,10.0,8.0
3044,39.0,36.0,45.0,81.0,0.0,8.0,13.0
3048,60.0,17.0,45.0,16.0,0.0,11.0,2.0
3049,58.0,83.0,45.0,36.0,0.0,18.118101545253865,8.0
3053,70.0,61.0,44.0,40.0,0.0,37.0,4.0
3055,55.0,30.0,78.0,24.0,0.0,12.0,8.0
3071,66.0,55.5,59.62183020948181,56.0,0.0,13.5,5.5
3072,45.0,25.0,64.24366041896361,21.0,0.0,18.118101545253865,6.0
3078,64.0,43.0,73.0,26.994487320837926,17.0,16.0,10.101545253863135
3081,71.0,67.0,60.0,19.0,0.0,12.0,3.0
3085,86.0,59.0,96.0,50.0,1.6225165562913908,9.0,5.0
3086,78.0,70.0,81.0,57.0,0.0,10.0,5.0
3089,63.0,39.0,82.33333333333333,22.0,1.3333333333333333,17.333333333333332,8.0
3090,66.94701986754967,69.0,72.0,17.0,0.0,19.0,3.0
3091,61.0,45.0,69.0,2.0,0.0,9.0,3.0
3092,68.0,72.0,78.0,4.0,0.0,7.0,5.0
3093,91.0,43.0,64.24366041896361,9.0,1.6225165562913908,9.0,8.0
3094,48.0,15.0,31.0,80.0,22.0,12.0,4.0
3097,58.0,46.0,67.0,65.0,1.6225165562913908,13.0,4.0
3098,58.0,4.0,60.0,7.0,41.0,8.0,3.0
3099,71.0,82.0,81.0,11.0,0.0,6.0,5.0
3103,66.94701986754967,66.0,65.0,5.0,0.0,25.0,14.0
3108,81.0,72.0,65.0,26.994487320837926,0.0,14.0,4.0
3111,63.0,49.0,64.24366041896361,5.0,0.0,9.0,3.0
3114,29.0,12.0,33.0,68.0,1.6225165562913908,12.0,5.0
3117,79.0,87.0,81.0,4.0,0.0,10.0,4.0
3121,73.0,62.0,75.0,0.0,0.0,34.0,8.0
3122,86.0,67.0,66.0,14.0,0.0,12.0,10.101545253863135
3123,65.0,51.439293598233995,47.0,31.0,0.0,12.0,10.0
3124,61.0,47.0,65.0,3.0,0.0,17.0,4.0
3125,82.0,65.0,68.5,25.0,3.3112582781456954,9.0,6.0
3130,51.0,62.0,79.0,22.0,13.0,14.0,3.0
3132,53.0,84.0,77.0,40.0,0.0,32.0,3.0
3135,55.0,42.0,53.0,17.0,0.0,22.0,3.0
3138,65.0,24.0,53.0,6.0,0.0,51.0,4.0
3139,65.0,51.439293598233995,60.0,11.0,0.0,10.0,40.0
3143,80.0,36.0,64.24366041896361,4.0,0.0,3.0,5.0
3157,69.0,40.0,39.0,41.0,0.0,13.0,6.0
3158,47.5,49.0,71.5,13.497243660418963,13.5,19.559050772626932,7.5
3159,67.0,51.439293598233995,78.0,15.0,0.0,18.118101545253865,4.0
3162,82.0,53.0,67.0,34.0,0.0,9.0,8.0
3164,51.0,21.0,63.0,5.0,0.0,41.0,3.0
3166,77.0,82.0,30.0,95.0,0.0,13.0,5.0
3172,75.0,51.439293598233995,64.24366041896361,9.0,0.0,13.0,6.0
3187,87.0,57.0,55.0,10.0,0.0,29.0,7.0
3188,82.0,76.0,70.0,16.0,0.0,8.0,5.0
3192,63.0,20.0,55.0,72.0,0.0,6.0,6.0
3201,81.5,51.5,72.5,48.5,0.0,10.0,7.550772626931567
3202,53.5,59.719646799117,74.0,14.0,0.0,8.0,10.5
3215,65.9823399558499,40.333333333333336,61.666666666666664,29.666666666666668,0.0,9.666666666666666,14.666666666666666
3220,70.0,59.0,75.0,24.0,0.0,9.0,4.0
3223,53.0,75.0,64.24366041896361,7.0,0.0,17.0,3.0
3226,78.0,51.0,43.0,69.0,0.0,14.0,9.0
3227,70.0,60.0,64.24366041896361,4.0,0.0,16.0,3.0
3229,91.0,79.0,66.0,32.0,0.0,9.0,16.0
3230,93.0,68.0,65.0,42.0,0.0,12.0,25.0
3231,79.0,82.0,64.24366041896361,28.0,0.0,4.0,9.0
3234,79.0,48.0,84.0,13.0,0.0,21.0,23.0
3236,68.0,83.0,81.0,9.0,0.0,8.0,4.0
3244,58.0,44.0,57.0,57.0,0.0,10.0,3.0
3245,66.0,43.0,76.0,49.0,0.0,12.0,3.0
3254,28.0,13.0,41.0,50.0,0.0,19.0,3.0
3262,50.5,72.5,59.0,58.0,0.0,19.0,7.550772626931567
3264,58.0,27.0,36.0,86.0,0.0,9.0,3.0
3276,84.0,49.0,72.0,8.0,1.6225165562913908,15.0,8.0
3279,73.0,66.0,80.0,44.0,0.0,9.0,12.0
3283,47.0,50.0,80.0,10.0,0.0,32.0,38.0
3288,74.0,43.0,69.0,12.0,0.0,12.0,7.0
3293,37.0,17.0,47.0,2.0,46.0,11.0,3.0
3301,75.0,79.0,63.0,33.0,0.0,15.0,4.0
3304,54.0,25.0,74.0,14.0,0.0,9.0,11.0
3305,34.0,32.0,57.0,78.0,0.0,20.0,10.101545253863135
3306,72.0,45.0,66.5,19.497243660418963,0.0,14.059050772626932,12.550772626931568
3313,70.0,76.0,79.0,26.0,0.0,11.0,7.0
3316,47.0,33.0,83.0,18.0,0.0,10.0,5.0
3319,70.0,64.5,72.5,4.0,0.0,38.0,7.5
3320,79.0,51.439293598233995,46.0,5.0,0.0,11.0,7.0
3329,50.0,37.0,90.0,26.994487320837926,0.0,12.0,5.0
3330,66.0,19.0,61.0,30.0,0.0,9.0,7.0
3331,35.0,12.0,64.24366041896361,93.0,0.0,18.118101545253865,10.101545253863135
3335,40.0,39.0,64.0,21.0,0.0,7.0,7.0
3336,45.0,35.0,68.0,78.0,0.0,39.0,8.0
3337,70.0,92.0,59.0,3.0,0.0,10.0,3.0
3340,77.5,55.5,67.0,1.0,0.0,10.5,5.0
3346,75.0,74.0,58.0,36.0,1.6225165562913908,9.0,3.0
3347,72.0,22.0,46.0,24.0,0.0,9.0,6.0
3354,95.0,91.0,89.0,6.0,0.0,31.0,24.0
3362,55.0,58.0,72.0,11.0,0.0,11.0,15.0
3364,81.0,59.0,90.0,5.0,0.0,36.0,3.0
3366,52.0,68.0,69.0,13.0,0.0,33.0,8.0
3367,59.0,44.0,64.24366041896361,80.0,0.0,6.0,10.101545253863135
3370,51.0,66.0,53.0,60.0,0.0,11.0,18.0
3380,82.0,52.0,61.0,38.0,0.0,14.0,27.0
3383,70.0,46.0,76.0,30.0,0.0,9.0,45.0
3388,79.0,79.0,84.0,2.0,0.0,5.0,5.0
3389,46.0,43.0,43.0,23.0,8.0,8.0,22.0
3395,67.0,47.0,76.0,28.0,23.5,19.0,5.0
3398,82.0,73.0,45.0,54.0,0.0,7.0,10.101545253863135
3402,66.94701986754967,32.0,64.24366041896361,81.0,0.0,11.0,3.0
3404,70.0,81.0,63.0,4.0,0.0,18.118101545253865,4.0
3405,74.0,59.0,64.24366041896361,26.994487320837926,0.0,8.0,5.0
3406,56.0,19.0,46.0,92.0,72.0,18.118101545253865,3.0
3407,66.94701986754967,65.0,64.0,1.0,1.6225165562913908,12.0,4.0
3411,58.5,51.0,81.0,12.5,0.0,12.0,4.0
3414,61.0,51.439293598233995,58.0,55.0,0.0,27.0,4.0
3417,72.0,55.0,64.0,49.0,0.0,7.0,4.0
3418,66.94701986754967,17.0,71.0,15.0,0.0,11.0,5.0
3422,57.0,41.0,66.0,63.0,0.0,12.0,5.0
3423,92.0,66.0,58.0,19.0,0.0,8.0,24.0
3425,66.0,85.0,60.0,40.0,0.0,14.0,13.0
3427,23.0,19.0,25.0,91.0,0.0,40.0,3.0
3432,50.0,38.0,80.0,0.0,0.0,9.0,7.0
3436,77.0,79.0,73.0,15.0,0.0,27.0,10.0
3441,57.0,50.0,85.0,5.0,0.0,18.118101545253865,4.0
3444,69.5,41.5,36.5,29.0,0.8112582781456954,9.5,7.0
3445,68.5,54.0,67.0,7.5,0.0,25.0,15.5
3451,75.0,74.0,77.0,1.0,0.0,9.0,10.0
3453,80.0,74.0,60.0,8.0,0.0,14.0,26.0
3458,60.0,23.0,91.0,0.0,0.0,12.0,3.0
3459,66.0,83.0,64.24366041896361,84.0,0.0,19.0,10.101545253863135
3460,82.5,50.0,63.0,28.0,10.0,10.0,19.0
3466,59.0,48.0,76.0,4.0,0.0,10.0,5.0
3473,84.0,70.0,69.0,1.0,0.0,5.0,5.0
3475,80.0,64.0,76.0,2.0,0.0,20.0,6.0
3481,68.0,54.0,76.0,21.0,0.0,11.0,20.0
3485,42.0,32.0,20.0,94.0,0.0,11.0,4.0
3486,90.0,51.439293598233995,14.0,67.0,35.0,11.0,10.0
3487,77.0,65.0,80.0,6.0,0.0,15.0,4.0
3489,44.0,44.0,67.0,7.0,0.0,12.0,13.0
3493,66.94701986754967,27.0,56.0,8.0,0.0,13.0,3.0
3494,61.0,32.0,67.0,15.0,1.6225165562913908,11.0,5.0
3498,84.0,74.0,69.0,21.0,0.0,18.0,6.0
3503,56.0,20.0,55.0,45.0,1.0,32.0,3.0
3505,57.0,36.0,58.0,5.0,0.0,15.0,3.0
3510,71.0,65.0,68.0,6.0,0.0,3.0,7.0
3513,81.0,92.0,90.0,9.0,0.0,8.0,7.0
3520,51.0,32.0,53.0,17.0,0.0,31.0,6.0
3530,66.94701986754967,31.0,31.0,92.0,0.0,28.0,3.0
3534,73.0,60.0,85.0,26.994487320837926,0.0,24.0,5.0
3537,66.5,32.5,46.0,1.5,1.5,8.0,3.0
3542,72.66666666666667,37.666666666666664,64.33333333333333,13.666666666666666,0.0,24.0,12.700515084621046
3548,37.0,28.0,66.0,14.0,0.0,9.0,5.0
3551,82.5,61.0,52.5,29.5,0.8112582781456954,10.5,16.0
3553,39.0,28.0,77.0,4.0,0.0,6.0,29.0
3556,27.0,10.0,49.0,62.0,0.0,49.0,5.0
3557,81.0,90.0,77.0,1.0,0.0,9.0,5.0
3559,56.0,42.0,52.0,5.0,0.0,36.0,24.0
3560,61.5,55.0,81.5,24.0,0.0,11.5,6.0
3563,79.0,44.0,54.0,41.0,0.0,13.0,24.0
3567,49.0,4.0,55.0,7.0,0.0,6.0,3.0
3568,43.0,60.0,38.0,76.0,1.0,48.0,38.0
3581,53.0,50.0,79.0,0.0,0.0,8.0,3.0
3587,57.0,68.0,76.0,7.0,0.0,33.0,3.0
3588,41.0,9.0,61.0,2.0,0.0,12.0,5.0
3592,56.0,40.0,54.0,72.0,0.0,10.0,4.0
3593,62.0,23.5,39.5,24.497243660418963,0.8112582781456954,9.5,3.5
3595,58.0,26.0,38.0,91.0,0.0,10.0,4.0
3597,47.0,86.0,92.0,8.0,0.0,5.0,24.0
3603,73.0,10.0,44.0,26.994487320837926,0.0,16.0,8.0
3608,93.0,47.0,47.0,33.0,0.0,10.0,36.0
3615,54.0,51.439293598233995,39.0,51.0,0.0,18.118101545253865,16.0
3616,80.0,51.439293598233995,56.0,13.0,0.0,8.0,9.0
3619,66.0,29.0,65.0,23.0,0.0,8.0,7.0
3622,90.0,74.0,54.0,16.0,0.0,13.0,28.0
3624,80.0,77.0,85.0,11.0,0.0,17.0,14.0
3628,75.5,42.5,69.5,16.997243660418963,0.0,9.5,7.050772626931567
3632,59.0,33.0,52.0,7.0,15.0,12.0,3.0
3633,78.0,90.0,84.0,31.0,0.0,7.0,4.0
3635,65.0,35.0,65.0,44.0,18.0,18.118101545253865,7.0
3636,66.94701986754967,61.0,59.0,30.0,0.0,12.0,4.0
3641,66.0,63.0,69.0,21.0,0.0,11.0,7.0
3642,43.0,14.0,74.0,1.0,0.0,19.0,8.0
3644,70.0,57.0,49.0,19.0,0.0,12.0,8.0
3646,41.0,9.0,25.0,84.0,1.0,14.0,4.0
3653,72.5,32.5,52.12183020948181,27.5,0.0,11.0,8.5
3660,75.0,46.0,76.0,3.0,0.0,9.0,4.0
3668,68.0,61.0,82.0,2.0,0.0,50.0,3.0
3671,34.0,33.0,63.0,16.0,0.0,7.0,4.0
3672,47.0,15.0,52.0,38.0,13.0,29.0,5.0
3673,60.0,47.0,62.0,3.0,0.0,38.0,4.0
3676,63.0,51.439293598233995,54.0,26.994487320837926,0.0,12.0,8.0
3681,69.0,51.439293598233995,90.0,1.0,10.0,15.0,4.0
3686,47.0,25.0,43.0,62.0,0.0,32.0,3.0
3687,77.0,25.0,62.0,34.0,0.0,23.0,10.101545253863135
3689,51.0,51.439293598233995,29.0,90.0,0.0,10.0,4.0
3695,83.0,63.0,74.0,14.0,0.0,16.0,6.0
3698,67.0,51.439293598233995,90.0,3.0,0.0,34.0,6.0
3700,83.0,11.0,41.0,0.0,0.0,36.0,14.0
3707,67.97350993377484,85.0,74.0,28.5,0.0,11.5,4.0
3708,82.0,89.0,85.0,4.0,0.0,23.0,6.0
3711,81.0,90.0,73.0,28.0,1.6225165562913908,29.0,4.0
3713,78.0,83.0,75.0,41.0,0.0,18.118101545253865,8.0
3714,64.0,8.0,37.0,79.0,0.0,9.0,5.0
3716,76.0,79.0,81.0,18.0,0.0,6.0,34.0
3717,64.0,64.0,76.5,21.0,0.0,25.0,23.5
3718,78.0,59.0,65.0,10.0,0.0,26.0,5.0
3723,70.0,42.0,54.0,30.0,0.0,37.0,5.0
3725,82.0,80.0,86.0,1.0,1.6225165562913908,30.0,13.0
3727,73.0,79.0,86.0,42.0,0.0,7.0,18.0
3733,63.0,36.0,34.0,76.0,0.0,35.0,9.0
3734,51.0,51.0,66.0,67.0,0.0,9.0,23.0
3738,71.0,59.0,80.0,13.0,0.0,36.0,5.0
3740,54.0,59.0,83.0,0.0,44.0,20.0,4.0
3743,56.0,63.0,87.0,39.0,0.0,11.0,5.0
3744,64.0,31.0,72.0,15.0,0.0,9.0,5.0
3755,66.94701986754967,51.439293598233995,47.0,87.0,0.0,9.0,4.0
3756,66.94701986754967,34.0,64.0,31.0,0.0,18.118101545253865,34.0
3757,33.0,38.0,71.0,20.0,0.0,28.0,5.0
3762,60.0,57.5,60.5,31.5,0.0,13.5,5.0
3764,83.0,69.0,44.0,15.0,0.0,10.0,33.0
3765,47.0,27.0,78.0,11.0,1.6225165562913908,10.0,8.0
3769,33.0,51.0,59.0,76.0,0.0,44.0,6.0
3772,66.0,12.0,35.0,55.0,0.0,9.0,14.0
3779,75.0,45.0,63.0,6.0,0.0,35.0,12.0
3782,74.0,61.0,52.0,30.0,0.0,26.0,9.0
3787,63.0,93.0,88.0,1.0,0.0,18.118101545253865,4.0
3788,77.5,81.0,72.0,60.5,0.0,35.5,3.5
3790,65.5,53.0,72.6218302094818,3.0,1.0,22.0,3.5
3793,37.0,17.0,27.0,75.0,5.0,10.0,3.0
3795,49.0,50.0,37.0,87.0,0.0,11.0,35.0
3798,70.0,39.0,56.0,6.0,0.0,9.0,7.0
3799,57.0,56.0,72.0,23.0,0.0,27.0,5.0
3805,72.0,45.0,59.0,14.0,1.6225165562913908,20.0,21.0
3807,67.0,78.0,63.0,29.0,1.6225165562913908,12.0,5.0
3811,84.0,51.439293598233995,74.0,10.0,0.0,34.0,7.0
3812,82.0,51.0,39.0,2.0,0.0,18.118101545253865,49.0
3813,72.0,61.0,63.0,67.0,0.0,9.0,28.0
3815,74.0,45.0,89.0,5.0,0.0,26.0,13.0
3817,50.0,24.0,86.0,0.0,0.0,64.0,4.0
3819,65.0,63.0,79.0,3.0,0.0,10.0,3.0
3825,56.0,58.0,56.0,37.0,0.0,11.0,10.0
3831,60.0,48.0,79.0,0.0,0.0,12.0,4.0
3832,73.0,31.0,69.0,6.0,0.0,11.0,4.0
3836,73.0,26.0,54.0,30.0,0.0,34.0,32.0
3837,78.0,63.0,64.0,1.0,0.0,7.0,4.0
3843,56.0,38.0,97.0,4.0,0.0,35.0,4.0
3849,80.0,29.0,67.0,29.0,0.0,12.0,3.0
3857,56.0,41.0,57.0,1.0,0.0,13.0,3.0
3867,75.0,55.0,69.0,9.5,0.0,18.5,8.5
3869,76.0,53.0,53.0,44.0,0.0,9.0,9.0
3879,86.0,75.0,52.0,54.0,0.0,10.0,4.0
3881,71.0,90.0,81.0,31.0,2.0,13.0,3.0
3883,67.0,26.0,64.0,52.0,0.0,17.0,10.0
3886,66.94701986754967,67.0,68.0,0.0,0.0,14.0,4.0
3887,81.0,68.0,58.0,83.0,0.0,11.0,10.101545253863135
3888,81.0,83.0,75.0,14.0,0.0,29.0,34.0
3892,49.0,78.0,64.0,19.0,0.0,11.0,4.0
3896,44.0,27.0,32.0,89.0,1.6225165562913908,14.0,5.0
3897,50.0,49.0,76.0,12.0,0.0,12.0,3.0
3898,60.0,24.0,39.0,57.0,0.0,8.0,3.0
3910,28.0,51.439293598233995,20.0,19.0,0.0,30.0,3.0
3911,70.0,51.439293598233995,59.0,55.0,0.0,27.0,12.0
3914,65.0,23.0,80.0,14.0,63.0,11.0,6.0
3929,63.5,44.5,51.0,44.0,0.0,16.559050772626932,4.5
3935,82.0,54.0,44.0,6.0,0.0,33.0,7.0
3938,57.5,23.5,67.0,4.0,0.0,24.5,3.5
3941,89.0,59.0,64.0,5.0,1.6225165562913908,19.0,7.0
3951,56.0,39.0,55.0,14.0,0.0,11.0,13.0
3952,79.0,51.439293598233995,86.0,4.0,0.0,8.0,11.0
3959,78.5,56.0,73.0,33.5,0.0,9.0,7.5
3965,67.0,72.0,74.0,30.0,0.0,36.0,4.0
3979,75.0,36.0,76.0,12.0,0.0,10.0,10.101545253863135
3983,62.0,51.439293598233995,73.0,10.0,1.6225165562913908,18.118101545253865,11.0
3985,77.0,53.0,64.0,74.0,0.0,17.0,14.0
3987,73.5,44.0,51.5,39.5,0.0,9.5,23.0
3996,75.0,35.0,48.0,84.0,0.0,10.0,12.0
3997,78.0,55.0,57.0,4.0,0.0,10.0,8.0
3998,68.0,57.0,64.24366041896361,26.994487320837926,0.0,10.0,10.101545253863135
3999,57.0,24.0,64.24366041896361,11.0,18.0,16.0,3.0
4003,50.0,67.0,89.0,0.0,0.0,19.0,8.0
4005,37.0,17.0,67.0,2.0,1.6225165562913908,34.0,9.0
4008,66.0,18.0,68.0,9.0,0.0,12.0,4.0
4021,48.0,50.0,80.0,40.0,0.0,37.0,20.0
4025,52.0,44.0,60.0,40.0,0.0,26.0,3.0
4031,66.94701986754967,33.0,44.0,62.0,0.0,18.118101545253865,6.0
4035,41.0,65.0,88.0,0.0,0.0,26.0,5.0
4039,64.0,51.0,63.0,12.0,0.0,19.0,5.0
4045,84.0,85.0,68.0,58.0,0.0,22.0,10.101545253863135
4054,56.0,20.0,43.0,89.0,0.0,12.0,4.0
4057,92.0,78.0,62.0,18.0,0.0,6.0,10.0
4061,41.0,23.0,40.0,27.0,0.0,30.0,5.0
4063,51.0,14.0,59.0,65.0,18.0,25.0,3.0
4066,84.0,55.0,47.0,26.0,0.0,20.0,64.0
4069,74.0,51.0,45.0,86.0,0.0,21.0,38.0
4072,60.0,11.0,33.0,90.0,0.0,8.0,5.0
4074,66.94701986754967,93.0,86.0,8.0,1.6225165562913908,14.0,3.0
4076,77.0,61.719646799117,71.5,43.5,0.0,15.0,3.5
4080,72.0,92.0,77.0,9.0,0.0,8.0,11.0
4082,44.0,52.0,94.0,11.0,0.0,4.0,29.0
4083,81.0,59.0,83.0,9.0,0.0,11.0,5.0
4084,70.0,57.0,64.24366041896361,23.0,0.0,8.0,32.0
4086,74.5,41.5,72.5,18.0,0.0,28.559050772626932,6.0
4087,73.5,81.5,75.5,31.497243660418963,0.0,20.5,26.0
4092,62.0,7.0,62.0,6.0,0.0,58.0,6.0
4094,73.0,71.0,69.0,53.0,0.0,32.0,9.0
4096,92.0,55.0,70.0,18.0,0.0,15.0,7.0
4097,52.5,26.5,32.0,95.5,12.5,39.0,10.101545253863135
4105,78.0,64.0,69.0,4.0,0.0,7.0,14.0
4111,52.0,44.0,49.5,62.0,0.0,9.0,17.0
4115,89.0,89.0,86.0,16.0,0.0,8.0,5.0
4118,87.0,52.0,52.0,31.0,0.0,28.0,24.0
4121,63.0,29.0,51.0,43.0,0.0,25.0,10.101545253863135
4123,47.0,33.0,68.0,24.0,0.0,22.0,10.101545253863135
4126,66.94701986754967,10.0,85.0,7.0,0.0,8.0,20.0
4128,67.0,60.5,72.5,11.5,0.0,45.0,4.0
4132,31.0,31.0,24.0,76.0,1.6225165562913908,14.0,4.0
4137,66.94701986754967,89.0,83.0,26.994487320837926,0.0,8.0,4.0
4139,68.0,40.0,79.0,33.0,0.0,30.0,6.0
4140,68.0,51.439293598233995,49.0,56.0,0.0,8.0,4.0
4144,45.0,24.0,62.0,8.0,0.0,16.0,3.0
4145,80.0,46.0,62.0,3.0,6.0,11.0,46.0
4146,48.0,55.0,84.0,43.0,0.0,15.0,12.0
4152,51.0,69.0,81.0,0.0,0.0,21.0,5.0
4166,68.0,33.0,43.0,38.0,0.0,36.0,14.0
4170,32.0,51.439293598233995,72.0,0.0,0.0,9.0,4.0
4172,64.0,11.0,53.0,1.0,0.0,25.0,27.0
4177,68.0,83.0,71.0,3.0,1.6225165562913908,18.118101545253865,10.101545253863135
4178,77.0,51.0,79.0,20.0,0.0,26.0,6.0
4179,60.0,46.0,71.0,3.0,0.0,16.0,4.0
4183,68.0,80.0,92.0,10.0,0.0,9.0,12.0
4186,61.0,38.0,62.0,14.0,0.0,23.0,40.0
4191,61.0,51.439293598233995,48.0,21.0,0.0,12.0,6.0
4200,70.0,26.0,56.0,14.0,83.0,11.0,5.0
4203,92.0,73.0,51.0,55.0,0.0,15.0,6.0
4204,80.0,26.0,85.0,23.0,0.0,11.0,21.0
4206,77.0,79.0,62.0,33.0,1.0,15.0,3.0
4210,95.0,78.0,66.0,3.0,0.0,4.0,6.0
4217,44.0,38.0,77.0,9.0,0.0,9.0,20.0
4219,68.0,45.0,71.0,18.0,0.0,11.0,25.0
4227,67.0,55.0,67.0,60.0,0.0,80.0,5.0
4228,66.94701986754967,51.0,79.0,5.0,0.0,16.0,5.0
4231,55.0,56.0,82.0,12.0,0.0,34.0,5.0
4232,76.0,26.0,70.0,1.0,0.0,41.0,6.0
4234,71.0,80.0,65.0,51.0,0.0,22.0,32.0
4238,75.0,64.0,52.0,26.994487320837926,0.0,18.118101545253865,3.0
4239,66.94701986754967,75.0,85.0,26.994487320837926,1.0,11.0,4.0
4253,74.0,61.0,83.0,11.0,0.0,35.0,6.0
4254,92.0,59.0,51.0,41.0,51.0,18.118101545253865,8.0
4258,80.0,26.0,46.0,18.497243660418963,0.0,11.5,10.0
4260,72.0,59.0,76.0,24.0,0.0,42.0,10.101545253863135
4262,66.94701986754967,69.0,53.0,12.0,1.6225165562913908,23.0,3.0
4264,69.0,51.439293598233995,88.0,5.0,0.0,29.0,8.0
4270,59.0,73.0,45.0,44.0,0.0,34.0,3.0
4273,75.0,59.0,81.0,7.5,0.0,10.0,22.0
4275,51.0,32.0,43.0,83.0,0.0,9.0,3.0
4279,82.0,62.0,74.0,10.0,0.0,18.118101545253865,7.0
4281,70.5,78.5,65.1218302094818,6.5,0.0,20.5,10.5
4286,63.5,43.5,56.0,34.5,0.0,15.0,12.0
4288,63.0,75.0,75.0,17.0,0.0,11.0,8.0
4290,65.0,27.0,69.0,26.994487320837926,0.0,53.0,4.0
4291,81.0,77.0,79.0,19.0,0.0,47.0,8.0
4296,77.0,68.0,70.0,6.0,0.0,17.0,20.0
4299,62.0,56.0,64.24366041896361,18.0,0.0,12.0,5.0
4301,53.473509933774835,46.5,40.5,64.0,0.0,9.0,5.0
4303,68.5,42.5,54.5,59.0,0.8112582781456954,23.0,5.0
4304,73.0,31.0,45.0,85.0,24.0,11.0,3.0
4305,61.0,41.0,74.0,21.0,0.0,40.0,10.101545253863135
4310,71.0,50.719646799117,46.0,46.5,0.8112582781456954,20.5,18.05077262693157
4314,65.0,79.0,66.0,31.0,0.0,22.0,7.0
4320,64.0,14.0,70.0,9.0,0.0,9.0,8.0
4321,90.0,79.0,71.0,26.0,0.0,18.118101545253865,37.0
4327,56.0,21.0,44.0,73.0,0.0,11.0,2.0
4330,65.0,51.0,55.0,73.0,0.0,14.0,3.0
4341,70.0,29.0,73.0,12.0,0.0,11.0,26.0
4343,82.0,53.0,53.5,2.5,0.0,38.5,4.0
4348,81.0,60.719646799117,71.5,21.0,0.0,7.0,14.0
4349,33.0,39.0,61.0,32.0,0.0,77.0,3.0
4354,76.0,58.0,84.0,10.0,0.0,13.0,10.0
4356,70.0,76.0,72.0,22.0,0.0,27.0,4.0
4367,65.0,49.0,78.0,0.0,0.0,17.0,4.0
4369,57.0,47.0,84.0,1.0,1.0,52.0,4.0
4372,47.0,7.0,50.0,32.0,0.0,7.0,4.0
4378,50.0,44.0,76.0,10.0,0.0,32.0,5.0
4385,52.0,20.0,85.0,26.994487320837926,0.0,7.0,5.0
4387,64.0,76.0,44.0,70.0,9.0,12.0,4.0
4388,76.5,83.5,67.5,27.497243660418963,0.0,56.0,5.5
4390,61.0,32.0,90.0,25.0,0.0,10.0,9.0
4399,67.0,22.0,59.0,76.0,1.0,15.0,16.0
4401,53.0,51.439293598233995,81.0,5.0,0.0,36.0,4.0
4403,77.0,72.0,87.0,26.994487320837926,1.6225165562913908,7.0,5.0
4409,93.0,61.0,74.0,9.0,0.0,17.0,8.0
4410,74.0,76.0,76.0,6.0,0.0,10.0,9.0
4413,51.473509933774835,57.219646799117,64.0,6.0,0.0,12.0,5.5
4419,59.0,67.0,81.5,34.99724366041896,0.0,28.0,5.0
4420,88.0,28.0,64.24366041896361,6.0,0.0,13.0,31.0
4422,70.31567328918322,41.0,64.33333333333333,28.333333333333332,0.3333333333333333,15.666666666666666,12.666666666666666
4428,74.0,71.0,89.0,26.994487320837926,61.0,15.0,5.0
4431,63.0,85.0,62.0,26.994487320837926,0.0,35.0,4.0
4435,57.0,30.0,89.0,10.0,0.0,33.0,8.0
4437,57.0,30.0,40.0,38.0,0.0,26.0,3.0
4442,69.5,63.0,60.0,21.0,0.0,25.0,10.5
4443,50.0,85.0,52.0,11.0,0.0,28.0,6.0
4446,31.0,4.0,86.0,1.0,0.0,28.0,17.0
4453,59.0,22.0,38.0,26.994487320837926,0.0,12.0,3.0
4460,76.0,49.0,56.0,80.0,1.6225165562913908,10.0,13.0
4466,87.0,82.0,53.0,10.0,0.0,5.0,8.0
4467,70.0,83.0,84.0,31.0,0.0,47.0,30.0
4471,42.0,7.0,24.0,83.0,1.0,12.0,6.0
4473,78.0,47.0,76.0,11.333333333333334,1.0816777041942605,20.333333333333332,10.666666666666666
4477,58.0,44.0,60.0,44.0,9.0,5.0,6.0
4478,66.0,16.0,57.0,10.0,1.0,12.0,3.0
4479,63.0,36.0,73.0,0.0,0.0,36.0,4.0
4482,80.0,81.0,67.0,4.0,0.0,8.0,6.0
4483,87.0,82.0,70.0,42.0,1.6225165562913908,21.0,5.0
4486,87.0,28.0,50.0,12.0,0.0,10.0,10.101545253863135
4491,66.94701986754967,52.0,48.0,38.0,5.0,10.0,11.0
4495,74.0,46.0,58.0,15.0,0.0,13.0,8.0
4497,70.0,85.0,41.0,71.0,0.0,45.0,5.0
4506,85.0,42.0,64.24366041896361,6.0,0.0,17.0,14.0
4507,77.0,84.0,89.0,17.0,0.0,43.0,5.0
4509,64.0,25.0,89.0,0.0,0.0,15.0,9.0
4514,84.5,53.0,73.5,27.5,0.0,15.5,25.0
4517,59.0,63.0,89.0,18.0,0.0,80.0,9.0
4518,53.0,66.0,85.0,2.0,0.0,24.0,4.0
4531,50.973509933774835,63.5,46.5,46.5,0.0,11.559050772626932,4.5
4532,71.0,40.0,50.0,16.0,0.0,16.0,22.0
4536,74.0,35.0,84.0,0.0,0.0,11.0,6.0
4543,65.0,72.0,95.0,31.0,0.0,18.118101545253865,5.0
4550,78.0,65.0,52.0,46.0,0.0,12.0,31.0
4555,87.0,46.0,60.0,1.0,0.0,13.0,16.0
4557,83.0,25.0,69.0,4.0,0.0,23.0,12.0
4558,49.0,48.0,67.0,10.0,0.0,26.0,3.0
4571,95.0,51.439293598233995,52.0,3.0,0.0,5.0,16.0
4573,70.0,31.0,34.0,60.0,1.0,11.0,4.0
4577,78.0,58.0,45.0,47.0,0.0,18.0,3.0
4581,64.5,71.719646799117,76.6218302094818,37.0,0.0,9.0,5.5
4583,84.0,43.0,75.0,5.0,0.0,6.0,8.0
4587,49.0,24.0,66.0,19.0,0.0,18.118101545253865,29.0
4588,58.0,30.0,46.0,14.0,0.0,9.0,3.0
4591,88.0,82.0,80.0,8.0,0.0,11.0,10.101545253863135
4594,56.0,48.0,73.0,0.0,0.0,35.0,4.0
4595,77.0,74.0,64.24366041896361,30.0,0.0,13.0,3.0
4600,66.94701986754967,63.0,45.0,48.0,0.0,18.0,4.0
4601,84.0,72.0,74.0,10.0,0.0,34.0,7.0
4622,83.0,47.0,80.0,2.0,0.0,24.0,9.0
4626,34.0,51.439293598233995,56.0,4.0,0.0,11.0,3.0
4635,52.0,66.0,73.0,34.0,0.0,31.0,6.0
4647,63.0,51.439293598233995,85.0,1.0,0.0,9.0,5.0
4649,45.0,27.0,33.0,82.0,0.0,14.0,4.0
4651,64.0,61.0,91.0,15.0,0.0,72.0,4.0
4657,60.0,40.0,89.0,9.0,0.0,60.0,6.0
4658,60.0,37.0,71.0,8.0,0.0,48.0,4.0
4659,72.0,36.0,72.0,26.0,6.0,11.0,4.0
4668,51.0,27.0,33.0,48.0,0.0,22.0,3.0
4673,59.0,15.0,64.0,43.0,90.0,12.0,10.0
4675,65.0,19.0,72.0,10.0,0.0,13.0,25.0
4688,64.0,63.0,55.5,29.5,0.0,26.0,6.5
4695,79.0,58.0,62.0,11.0,0.0,11.0,23.0
4696,60.0,13.0,53.0,4.0,0.0,21.0,4.0
4699,67.0,49.0,64.0,10.0,0.0,10.0,3.0
4705,86.0,89.0,79.0,17.0,0.0,11.0,6.0
4709,77.0,59.813097866078,61.333333333333336,41.0,0.0,18.666666666666668,24.666666666666668
4715,51.0,5.0,68.0,12.0,2.0,15.0,6.0
4720,81.0,6.0,84.0,26.994487320837926,23.0,6.0,6.0
4722,62.0,24.0,65.5,40.0,0.0,28.5,3.5
4729,60.0,23.0,57.0,0.0,2.0,27.0,3.0
4737,66.0,19.0,32.0,69.0,0.0,12.0,4.0
4742,77.0,36.0,63.0,1.0,0.0,36.0,5.0
4746,80.0,38.0,88.0,11.0,0.0,11.0,5.0
4748,61.0,39.0,64.24366041896361,37.0,0.0,11.0,3.0
4753,79.0,58.0,78.0,34.0,0.0,11.0,25.0
4756,52.0,52.0,68.0,46.0,0.0,15.0,4.0
4762,54.0,22.0,76.0,0.0,0.0,14.0,3.0
4764,65.0,11.0,58.0,0.0,0.0,12.0,9.0
4768,62.0,62.5,61.0,16.0,1.0,18.0,3.5
4772,83.0,40.0,55.0,16.0,0.0,14.0,23.0
4774,85.0,22.0,37.0,13.0,0.0,7.0,30.0
4780,67.0,88.0,54.0,51.0,0.0,9.0,4.0
4785,74.0,78.0,37.0,84.0,0.0,6.0,3.0
4790,65.0,46.0,47.0,12.0,0.0,13.0,16.0
4799,65.5,43.0,53.0,28.5,0.0,21.5,12.5
4800,78.0,55.0,60.0,59.0,0.0,18.118101545253865,4.0
4804,62.973509933774835,44.5,63.5,22.0,0.0,11.559050772626932,29.0
4818,78.0,47.219646799117,68.5,33.0,0.0,11.5,18.5
4820,85.0,22.0,62.0,12.0,0.0,28.0,9.0
4821,87.0,53.0,52.0,66.0,1.0,11.0,5.0
4823,45.0,67.0,90.0,9.0,11.0,10.0,5.0
4828,73.0,64.0,85.0,25.0,0.0,61.0,3.0
4829,76.0,91.0,50.0,54.0,0.0,7.0,5.0
4830,53.0,50.0,53.0,23.0,0.0,44.0,7.0
4835,45.5,69.5,45.0,71.0,0.0,9.5,5.0
4837,68.0,38.0,88.0,1.0,1.6225165562913908,18.118101545253865,5.0
4840,44.0,41.0,92.0,0.0,0.0,44.0,7.0
4841,83.0,80.0,58.5,21.497243660418963,0.0,19.5,14.5
4842,53.0,34.0,47.0,9.0,0.0,83.0,4.0
4849,88.0,52.0,69.0,0.0,0.0,8.0,10.101545253863135
4850,66.94701986754967,40.0,90.0,1.0,0.0,32.0,6.0
4852,76.0,92.0,62.0,6.0,0.0,8.0,13.0
4853,77.0,20.0,70.0,1.0,0.0,16.0,5.0
4856,73.0,22.0,86.0,31.0,0.0,12.0,10.101545253863135
4859,57.0,42.0,65.0,2.0,0.0,12.0,12.0
4860,77.0,76.0,84.0,3.0,0.0,38.0,4.0
4861,54.0,19.0,48.0,36.0,0.0,37.0,5.0
4870,56.0,16.0,67.0,0.0,0.0,11.0,4.0
4871,86.0,68.0,79.0,39.0,0.0,11.0,29.0
4881,82.0,67.0,77.0,8.0,0.0,12.0,5.0
4889,71.0,83.0,89.0,1.0,0.0,17.0,9.0
4893,53.0,24.0,67.0,11.0,0.0,10.0,28.0
4896,81.0,56.0,48.0,21.0,0.0,8.0,33.0
4909,44.0,8.0,20.0,74.0,42.0,11.0,3.0
4912,80.0,82.0,80.0,43.0,0.0,14.0,4.0
4913,52.0,51.439293598233995,64.24366041896361,54.0,1.0,19.0,3.0
4914,60.0,41.5,77.5,31.0,0.0,36.5,12.0
4917,45.0,72.0,24.0,91.0,0.0,18.0,4.0
4938,63.0,31.0,35.0,93.0,0.0,29.0,3.0
4943,74.5,55.5,55.5,29.0,0.0,8.5,23.5
4944,63.0,34.0,86.0,26.0,0.0,21.0,39.0
4945,66.94701986754967,31.0,87.0,4.0,4.0,8.0,4.0
4950,81.0,51.439293598233995,64.0,3.0,0.0,10.0,11.0
4951,82.0,67.0,64.24366041896361,0.0,0.0,18.0,4.0
4957,78.0,89.0,83.0,10.0,0.0,12.0,5.0
4969,82.5,56.5,81.5,1.5,0.0,7.0,9.550772626931568
4974,84.0,44.0,67.0,8.0,0.0,11.0,6.0
4979,69.0,90.0,91.0,6.0,0.0,35.0,4.0
4986,85.0,40.0,43.0,4.0,0.0,39.0,10.101545253863135
4989,72.5,65.0,61.0,19.5,0.0,11.5,7.550772626931567
4991,70.66666666666667,58.813097866078,66.66666666666667,23.33149577361264,0.0,20.37270051508462,9.666666666666666
4994,48.0,37.0,41.0,32.0,0.0,10.0,10.0
4997,73.0,44.0,57.0,39.0,0.0,32.0,6.0
